{
  "height": 58.94736842105263,
  "width": 567.81954887218046,
  "x": 713.38345864661653,
  "y": 599.0977443609022,
  "z": 6000
}