{
  "height": 102.25563909774435,
  "width": 1009.3233082706766,
  "x": 270.6766917293233,
  "y": 33.684210526315788,
  "z": 5000
}