{
  "height": 228.57142857142856,
  "width": 452.33082706766913,
  "x": 679.69924812030069,
  "y": 178.04511278195488,
  "z": 4000
}