{
  "height": 194.88721804511277,
  "width": 751.87969924812023,
  "x": 0,
  "y": 0,
  "z": 3000
}