{
  "height": 58.94736842105263,
  "width": 964.81203007518786,
  "x": 205.71428571428569,
  "y": 458.3458646616541,
  "z": 1000
}