{
  "height": 650.73256840247132,
  "tabOrder": 1000,
  "width": 811.15622241835831,
  "x": 468.84377758164169,
  "y": 68.9143865842895,
  "z": 1000
}