{
  "height": 308.64300626304805,
  "width": 468.97703549060543,
  "x": 0,
  "y": 411.5240083507307,
  "z": 3500
}