{
  "height": 333.23308270676688,
  "width": 487.21804511278191,
  "x": 132.33082706766916,
  "y": 125.11278195488721,
  "z": 0
}