{
  "height": 342.31244483671668,
  "tabOrder": 2000,
  "width": 468.84377758164169,
  "x": 0,
  "y": 68.9143865842895,
  "z": 2000
}