{
  "height": 650.27384324834748,
  "tabOrder": 1000,
  "width": 578.961284230406,
  "x": 0,
  "y": 70.103871576959392,
  "z": 2000
}