{
  "height": 149.17293233082705,
  "width": 496.84210526315786,
  "x": 122.70676691729322,
  "y": 554.58646616541353,
  "z": 2000
}