{
  "height": 310.60665362035223,
  "width": 804.07045009784724,
  "x": 0,
  "y": 409.13242009132415,
  "z": 0
}