{
  "height": 310.51212938005392,
  "tabOrder": 3000,
  "width": 476.11859838274933,
  "x": 803.88140161725062,
  "y": 409.70350404312666,
  "z": 3000
}