{
  "height": 650.27384324834748,
  "width": 701.03871576959386,
  "x": 578.961284230406,
  "y": 70.103871576959392,
  "z": 1000
}