{
  "height": 347.34507501630787,
  "tabOrder": 2000,
  "width": 1280,
  "x": 0,
  "y": 62.62230919765166,
  "z": 2000
}